psu_voltage,shunt_voltage,load_voltage,current,label,(MA)psu_voltage,(MA)shunt_voltage,(MA)load_voltage,(MA)current
10.202350000000001,0.050350000000000006,10.152000000000001,578.6,3,10.202350000000001,0.050350000000000006,10.152000000000001,578.6
9.81812,0.01812,9.8,486.70000000000005,3,10.010235000000002,0.034235,9.976,532.6500000000001
10.09004,0.06604,10.024000000000001,610.9,3,10.036836666666668,0.04483666666666667,9.992,558.7333333333335
10.1485,0.044500000000000005,10.104000000000001,610.2,3,10.0647525,0.04475250000000001,10.020000000000001,571.6000000000001
10.209510000000002,0.041510000000000005,10.168000000000001,626.9000000000001,3,10.093704,0.04410400000000001,10.049600000000002,582.6600000000001
10.23791,0.045910000000000006,10.192,491.0,3,10.117738333333334,0.04440500000000001,10.073333333333334,567.3833333333334
10.11244,0.06044000000000001,10.052,542.7,3,10.11698142857143,0.04669571428571429,10.070285714285715,563.857142857143
10.30419,0.04419000000000001,10.26,590.0,3,10.140382500000001,0.04638250000000001,10.094000000000001,567.1250000000001
9.97985,0.027850000000000003,9.952,620.9000000000001,3,10.122545555555556,0.04432333333333334,10.078222222222223,573.1000000000001
10.32828,0.04828,10.28,808.2,3,10.143119000000002,0.044719,10.098400000000002,596.6100000000001
10.60638,0.05838,10.548,550.0,3,10.185233636363638,0.0459609090909091,10.139272727272727,592.3727272727274
10.3173,0.057300000000000004,10.26,342.5,3,10.196239166666668,0.04690583333333334,10.149333333333335,571.5500000000001
10.136180000000001,0.06418,10.072000000000001,485.6,3,10.191619230769232,0.04823461538461539,10.143384615384615,564.9384615384616
10.35313,0.07713,10.276,567.4,3,10.203155714285716,0.050298571428571436,10.152857142857144,565.1142857142858
10.13611,0.05611000000000001,10.08,449.70000000000005,3,10.198686000000002,0.05068600000000001,10.148000000000001,557.4200000000001
10.30725,0.05525000000000001,10.252,428.5,3,10.205471250000002,0.05097125000000001,10.154500000000002,549.3625000000001
10.19711,0.04911,10.148,450.3,3,10.20497941176471,0.05086176470588236,10.154117647058825,543.535294117647
10.23322,0.07322000000000001,10.16,464.1,3,10.206548333333336,0.0521038888888889,10.154444444444445,539.1222222222223
10.12921,0.04521000000000001,10.084,510.40000000000003,3,10.202477894736845,0.05174105263157896,10.150736842105266,537.6105263157895
10.048620000000001,0.056620000000000004,9.992,617.9000000000001,3,10.194785000000001,0.05198500000000002,10.142800000000001,541.625
10.16647,0.05047,10.116,625.7,3,10.193436666666669,0.051912857142857156,10.141523809523811,545.6285714285715
10.26923,0.045230000000000006,10.224,620.9000000000001,3,10.19688181818182,0.05160909090909093,10.145272727272728,549.0500000000001
10.245790000000001,0.045790000000000004,10.200000000000001,794.9000000000001,3,10.199008260869567,0.05135608695652176,10.147652173913045,559.7391304347826
10.52471,0.06071000000000001,10.464,541.1,3,10.212579166666668,0.05174583333333335,10.160833333333334,558.9625
10.30017,0.04417,10.256,589.3000000000001,3,10.216082800000002,0.05144280000000002,10.16464,560.1759999999999
10.17431,0.062310000000000004,10.112,477.90000000000003,3,10.214476153846155,0.05186076923076925,10.162615384615385,557.0115384615384
10.31993,0.04793000000000001,10.272,793.6,3,10.218381851851852,0.051715185185185204,10.166666666666666,565.7740740740741
10.63557,0.05557,10.58,448.90000000000003,3,10.233281428571429,0.05185285714285716,10.18142857142857,561.6
10.31218,0.05618000000000001,10.256,396.20000000000005,3,10.236002068965517,0.052002068965517255,10.184000000000001,555.8965517241379
10.133099999999999,0.049100000000000005,10.084,453.6,3,10.232572000000001,0.051905333333333345,10.180666666666667,552.4866666666666
10.234490000000001,0.07449,10.16,538.9,3,10.232633870967742,0.05263387096774194,10.180000000000001,552.0483870967741
10.12118,0.045180000000000005,10.076,514.8000000000001,3,10.2291509375,0.05240093750000001,10.176750000000002,550.884375
10.04065,0.05265,9.988,624.3000000000001,3,10.223438787878788,0.05240848484848486,10.171030303030305,553.1090909090908
10.17798,0.049980000000000004,10.128,631.3000000000001,3,10.222101764705881,0.05233705882352942,10.169764705882354,555.4088235294117
10.183440000000001,0.03944,10.144,608.6,3,10.220997142857142,0.05196857142857143,10.169028571428573,556.9285714285713
10.32158,0.049580000000000006,10.272,864.3000000000001,3,10.22379111111111,0.051902222222222225,10.17188888888889,565.4666666666666
10.29588,0.055880000000000006,10.24,401.1,3,10.225739459459458,0.05200972972972973,10.17372972972973,561.0243243243242
10.238480000000001,0.06248000000000001,10.176,496.5,3,10.226074736842104,0.052285263157894744,10.173789473684211,559.3263157894735
10.35146,0.07146000000000001,10.28,398.90000000000003,3,10.229289743589742,0.052776923076923075,10.176512820512821,555.2128205128204
10.10271,0.058710000000000005,10.044,453.0,3,10.226125249999999,0.05292525,10.1732,552.6574999999999
10.06884,0.04884,10.02,658.1,3,10.222289024390243,0.05282560975609757,10.169463414634146,555.2292682926828
10.16699,0.05099000000000001,10.116,449.40000000000003,3,10.22097238095238,0.05278190476190477,10.168190476190475,552.7095238095237
10.017719999999999,0.029720000000000003,9.988,612.7,3,10.216245581395349,0.05224558139534885,10.164,554.1046511627906
10.24162,0.04562,10.196,484.3,3,10.216822272727272,0.05209500000000001,10.164727272727273,552.5181818181817
10.5177,0.061700000000000005,10.456,543.3000000000001,3,10.223508444444443,0.052308444444444456,10.1712,552.3133333333333
10.30055,0.044550000000000006,10.256,592.8000000000001,3,10.225183260869564,0.052139782608695666,10.17304347826087,553.1934782608695
10.18556,0.061560000000000004,10.124,480.1,3,10.224340212765956,0.05234021276595746,10.172,551.6382978723402
10.215810000000001,0.07981,10.136000000000001,518.7,3,10.224162499999998,0.05291250000000002,10.171250000000002,550.9520833333332
10.11939,0.05539,10.064,444.1,3,10.222024285714284,0.052963061224489814,10.169061224489798,548.7714285714284
9.91206,0.02406,9.888,655.9000000000001,3,10.215824999999999,0.05238500000000002,10.163440000000001,550.9139999999999
10.20222,0.046220000000000004,10.156,708.8000000000001,3,10.215558235294116,0.05226411764705884,10.16329411764706,554.0098039215685
10.45547,0.05147,10.404,578.6,3,10.22017192307692,0.052248846153846173,10.167923076923078,554.4826923076921
10.32506,0.05306,10.272,574.3000000000001,3,10.222150943396224,0.052264150943396245,10.169886792452832,554.8566037735848
10.247520000000002,0.06352000000000001,10.184000000000001,501.0,3,10.222620740740739,0.05247259259259261,10.17014814814815,553.859259259259
10.24625,0.07025,10.176,410.5,3,10.223050363636363,0.0527958181818182,10.170254545454549,551.2527272727272
10.26543,0.045430000000000005,10.22,503.0,3,10.223807142857142,0.05266428571428573,10.17114285714286,550.3910714285713
10.44548,0.06148000000000001,10.384,527.9,3,10.227696140350876,0.05281894736842107,10.174877192982459,549.99649122807
10.30848,0.044480000000000006,10.264,625.0,3,10.22908896551724,0.052675172413793124,10.176413793103452,551.2896551724136
10.10974,0.06174,10.048,466.6,3,10.227066101694914,0.052828813559322056,10.174237288135597,549.8542372881354
10.337869999999999,0.07387,10.264,634.9000000000001,3,10.228912833333332,0.05317950000000002,10.175733333333337,551.2716666666664
10.14907,0.053070000000000006,10.096,570.7,3,10.227603934426229,0.0531777049180328,10.1744262295082,551.590163934426
9.83294,0.01694,9.816,624.7,3,10.221238387096774,0.05259322580645163,10.168645161290327,552.7693548387094
10.33073,0.04673,10.284,756.1,3,10.222976349206348,0.052500158730158744,10.170476190476194,555.9968253968251
10.630400000000002,0.05840000000000001,10.572000000000001,562.0,3,10.22934234375,0.05259234375000002,10.176750000000004,556.0906249999997
10.30789,0.05589,10.252,395.0,3,10.23055076923077,0.052643076923076945,10.177907692307695,553.6123076923074
10.217270000000001,0.04927,10.168000000000001,455.40000000000003,3,10.230349545454546,0.05259196969696972,10.177757575757578,552.1242424242422
10.2451,0.07310000000000001,10.172,592.5,3,10.230569701492538,0.05289805970149256,10.177671641791049,552.7268656716416
10.25281,0.04481,10.208,508.6,3,10.230896764705882,0.052779117647058844,10.178117647058826,552.0779411764703
10.27392,0.06592,10.208,523.7,3,10.231520289855071,0.05296956521739133,10.178550724637683,551.6666666666664
10.30909,0.045090000000000005,10.264,646.4000000000001,3,10.232628428571427,0.05285700000000003,10.179771428571431,553.0199999999998
10.14399,0.05999,10.084,465.5,3,10.23138,0.05295746478873242,10.178422535211268,551.7873239436617
10.17191,0.08391000000000001,10.088000000000001,587.6,3,10.230554027777778,0.053387361111111135,10.177166666666668,552.284722222222
10.29204,0.04404,10.248,569.8000000000001,3,10.231396301369863,0.05325931506849317,10.178136986301372,552.5246575342463
10.19643,0.04843,10.148,454.6,3,10.230923783783783,0.05319405405405408,10.177729729729732,551.201351351351
10.22789,0.07589000000000001,10.152000000000001,589.6,3,10.230883333333333,0.053496666666666685,10.177386666666669,551.713333333333
10.260980000000002,0.044980000000000006,10.216000000000001,519.2,3,10.231279342105262,0.053384605263157914,10.177894736842108,551.2855263157892
10.36616,0.06216000000000001,10.304,519.9,3,10.23303103896104,0.05349857142857145,10.17953246753247,550.8779220779218
10.33173,0.06373000000000001,10.268,213.8,3,10.23429641025641,0.05362974358974361,10.180666666666669,546.55641025641
10.10562,0.06162000000000001,10.044,466.40000000000003,3,10.232667594936709,0.05373088607594939,10.178936708860762,545.5417721518985
10.16021,0.07621,10.084,631.4000000000001,3,10.231761875,0.05401187500000002,10.177750000000001,546.6149999999998
10.2926,0.0446,10.248,562.0,3,10.232512962962964,0.053895679012345696,10.17861728395062,546.8049382716047
9.91075,0.06275,9.848,495.1,3,10.228589024390244,0.05400365853658539,10.17458536585366,546.1743902439022
10.33,0.046000000000000006,10.284,718.9000000000001,3,10.229810843373496,0.05390722891566268,10.175903614457832,548.2554216867468
10.129790000000002,0.05779000000000001,10.072000000000001,450.90000000000003,3,10.22862011904762,0.05395345238095241,10.174666666666669,547.0964285714284
10.064160000000001,0.05616,10.008000000000001,630.8000000000001,3,10.226685294117647,0.05397941176470591,10.172705882352943,548.081176470588
10.16887,0.04487000000000001,10.124,618.9000000000001,3,10.226013023255815,0.053873488372093055,10.172139534883723,548.9046511627905
9.99681,0.028810000000000002,9.968,610.1,3,10.223378505747126,0.0535854022988506,10.169793103448278,549.6080459770113
10.32832,0.04832,10.28,826.7,3,10.224571022727273,0.053525568181818216,10.171045454545457,552.756818181818
10.127030000000001,0.05503,10.072000000000001,444.1,3,10.223475056179774,0.053542471910112396,10.169932584269665,551.5359550561795
10.258840000000001,0.022840000000000003,10.236,655.0,3,10.223868,0.05320133333333337,10.170666666666667,552.6855555555553
10.31408,0.04608,10.268,705.2,3,10.22485934065934,0.05312307692307696,10.171736263736266,554.3615384615382
10.13822,0.05822000000000001,10.08,456.8,3,10.223917608695652,0.05317847826086961,10.170739130434784,553.3010869565215
10.09375,0.06575,10.028,614.3000000000001,3,10.222517956989247,0.05331365591397854,10.169204301075272,553.9569892473116
10.16033,0.04433,10.116,602.9,3,10.221856382978723,0.05321808510638303,10.168638297872343,554.4776595744679
10.03482,0.030820000000000004,10.004,618.7,3,10.219887578947368,0.05298231578947374,10.166905263157897,555.1536842105262
10.32051,0.048510000000000005,10.272,818.1,3,10.220935729166667,0.05293572916666672,10.168000000000003,557.8927083333332
10.594880000000002,0.054880000000000005,10.540000000000001,447.6,3,10.224790824742268,0.05295577319587634,10.171835051546394,556.7556701030926
10.305309999999999,0.05731000000000001,10.248,338.6,3,10.225612448979591,0.05300020408163271,10.172612244897962,554.5295918367345
10.19238,0.048380000000000006,10.144,456.6,3,10.225276767676768,0.052953535353535405,10.172323232323235,553.5404040404038
10.51288,0.05688000000000001,10.456,594.2,3,10.228152799999998,0.05299280000000005,10.175160000000004,553.9469999999998
10.27246,0.05246000000000001,10.22,536.5,3,10.228591485148515,0.0529875247524753,10.175603960396042,553.7742574257423
10.32673,0.06273000000000001,10.264,515.2,3,10.22955362745098,0.05308303921568632,10.176470588235297,553.3960784313723
10.27734,0.06534000000000001,10.212,265.90000000000003,3,10.230017572815534,0.053202038834951504,10.176815533980585,550.6048543689318
10.13577,0.059770000000000004,10.076,480.40000000000003,3,10.229111346153847,0.05326519230769236,10.175846153846155,549.9298076923075
10.14439,0.07639,10.068,609.5,3,10.228304476190477,0.05348542857142862,10.17481904761905,550.4971428571426
10.292549999999999,0.044550000000000006,10.248,579.5,3,10.228910566037735,0.05340113207547175,10.175509433962267,550.770754716981
10.214070000000001,0.06207000000000001,10.152000000000001,486.70000000000005,3,10.228771869158878,0.053482149532710334,10.175289719626171,550.1719626168222
10.32278,0.04678,10.276,756.3000000000001,3,10.229642314814814,0.053420092592592644,10.176222222222226,552.0805555555553
10.10907,0.05707,10.052,448.0,3,10.22853614678899,0.05345357798165143,10.175082568807342,551.1256880733943
9.99194,0.03594,9.956,659.9000000000001,3,10.226385272727272,0.053294363636363695,10.173090909090911,552.1145454545452
10.30926,0.04526,10.264,658.0,3,10.227131891891892,0.05322198198198204,10.173909909909911,553.0684684684683
10.24225,0.046250000000000006,10.196,485.6,3,10.227266875,0.05315973214285719,10.174107142857142,552.4660714285712
10.147409999999999,0.07941000000000001,10.068,548.4,3,10.226560176991152,0.05339203539823014,10.173168141592921,552.430088495575
10.3001,0.0441,10.256,579.9,3,10.227205263157895,0.05331052631578953,10.173894736842106,552.6710526315787
10.174430000000001,0.062430000000000006,10.112,479.90000000000003,3,10.226746347826086,0.053389826086956575,10.173356521739132,552.0382608695651
10.32379,0.047790000000000006,10.276,533.9,3,10.227582931034481,0.05334155172413799,10.174241379310347,551.881896551724
10.143500000000001,0.05550000000000001,10.088000000000001,448.5,3,10.226864273504273,0.05336000000000005,10.173504273504275,550.9982905982904
9.971440000000001,0.03944,9.932,625.8000000000001,3,10.224699661016947,0.05324203389830514,10.171457627118645,551.6322033898304
10.18093,0.04893,10.132,673.0,3,10.224331848739494,0.053205798319327785,10.17112605042017,552.652100840336
10.45057,0.05457000000000001,10.396,600.9,3,10.226217166666665,0.053217166666666725,10.173000000000002,553.0541666666664
10.315719999999999,0.05172,10.264,588.8000000000001,3,10.226956859504131,0.05320479338842981,10.173752066115703,553.3495867768593
10.17187,0.051870000000000006,10.120000000000001,447.70000000000005,3,10.22650532786885,0.05319385245901645,10.173311475409836,552.4836065573768
10.239860000000002,0.023860000000000003,10.216000000000001,618.4000000000001,3,10.226613902439022,0.05295536585365859,10.173658536585364,553.0195121951217
10.230110000000002,0.046110000000000005,10.184000000000001,476.40000000000003,3,10.22664209677419,0.052900161290322635,10.17374193548387,552.4016129032254
10.57622,0.06022,10.516,553.3000000000001,3,10.229438719999996,0.052958720000000056,10.17648,552.4087999999997
10.305299999999999,0.057300000000000004,10.248,328.90000000000003,3,10.23004079365079,0.05299317460317466,10.177047619047618,550.6349206349203
10.19681,0.048810000000000006,10.148,458.70000000000005,3,10.229779133858264,0.05296023622047249,10.176818897637794,549.9110236220469
10.23893,0.07493000000000001,10.164,460.20000000000005,3,10.229850624999996,0.05313187500000005,10.17671875,549.2101562499996
10.26077,0.044770000000000004,10.216000000000001,513.2,3,10.230090310077516,0.05306705426356594,10.177023255813952,548.9310077519376
10.265920000000001,0.06592,10.200000000000001,523.2,3,10.23036592307692,0.053165923076923124,10.1772,548.7330769230765
10.27218,0.06418,10.208,324.1,3,10.230685114503814,0.053250000000000054,10.177435114503815,547.0183206106866
10.23075,0.04675000000000001,10.184000000000001,478.90000000000003,3,10.230685606060602,0.05320075757575763,10.177484848484848,546.5022727272723
10.15335,0.057350000000000005,10.096,560.2,3,10.230104135338342,0.053231954887218096,10.176872180451127,546.6052631578943
10.2881,0.0441,10.244,431.6,3,10.230536940298503,0.0531638059701493,10.177373134328358,545.7470149253727
10.2113,0.06330000000000001,10.148,493.3,3,10.23039444444444,0.05323888888888894,10.177155555555553,545.3585185185182
10.244110000000001,0.07211000000000001,10.172,444.40000000000003,3,10.230495294117643,0.053377647058823585,10.177117647058822,544.6161764705878
10.253400000000001,0.0454,10.208,505.20000000000005,3,10.230662481751821,0.053319416058394214,10.17734306569343,544.3284671532842
10.46523,0.06123000000000001,10.404,532.5,3,10.232362246376809,0.053376739130434836,10.178985507246376,544.242753623188
10.31647,0.06047,10.256,212.70000000000002,3,10.232967338129493,0.05342776978417271,10.179539568345323,541.8575539568341
10.11918,0.06318,10.056000000000001,463.70000000000005,3,10.232154571428568,0.05349742857142862,10.178657142857142,541.2992857142852
10.208260000000001,0.08026000000000001,10.128,594.6,3,10.231985106382975,0.05368723404255324,10.178297872340424,541.6773049645386
10.2728,0.044800000000000006,10.228,533.0,3,10.232272535211264,0.053624647887323997,10.178647887323944,541.6161971830982
10.314860000000001,0.06286,10.252,513.2,3,10.232850069930066,0.053689230769230815,10.179160839160838,541.4174825174821
10.33747,0.06547,10.272,267.6,3,10.233576597222218,0.053771041666666713,10.179805555555554,539.5159722222219
10.23978,0.04778,10.192,800.2,3,10.233619379310342,0.05372972413793109,10.179889655172413,541.3137931034479
10.583450000000001,0.055450000000000006,10.528,444.8,3,10.236015479452053,0.05374150684931513,10.182273972602738,540.652739726027
10.304789999999999,0.05679000000000001,10.248,350.70000000000005,3,10.23648333333333,0.05376224489795924,10.182721088435374,539.3605442176867
10.31367,0.04567,10.268,675.8000000000001,3,10.237004864864861,0.05370756756756763,10.183297297297297,540.2824324324321
10.134170000000001,0.04617,10.088000000000001,489.3,3,10.236314697986575,0.05365697986577187,10.182657718120804,539.9402684563755
10.1436,0.0796,10.064,546.9,3,10.235696599999999,0.053829933333333385,10.181866666666666,539.9866666666662
10.30023,0.044230000000000005,10.256,320.5,3,10.236123973509931,0.05376635761589409,10.18235761589404,538.5331125827811
10.14408,0.06408000000000001,10.08,484.5,3,10.23551842105263,0.05383421052631585,10.181684210526315,538.177631578947
10.22108,0.07708000000000001,10.144,566.5,3,10.23542405228758,0.05398614379084973,10.181437908496733,538.3627450980389
10.26889,0.044890000000000006,10.224,523.8000000000001,3,10.235641363636363,0.05392707792207799,10.181714285714285,538.2681818181815
10.33468,0.06268,10.272,515.8000000000001,3,10.236280322580644,0.05398354838709684,10.182296774193548,538.1232258064513
10.27304,0.06504,10.208,258.5,3,10.23651596153846,0.054054423076923146,10.182461538461538,536.3307692307689
10.23799,0.04599,10.192,479.40000000000003,3,10.236525350318471,0.05400305732484083,10.18252229299363,535.9681528662417
10.55683,0.06083,10.496,549.9,3,10.238552594936708,0.05404626582278487,10.184506329113924,536.0563291139237
10.30594,0.057940000000000005,10.248,301.3,3,10.238976415094339,0.054070754716981195,10.184905660377359,534.5798742138361
10.19254,0.04854000000000001,10.144,460.3,3,10.238686187499999,0.054036187500000055,10.184650000000001,534.1156249999997
10.38381,0.047810000000000005,10.336,584.6,3,10.239587577639751,0.05399751552795037,10.185590062111801,534.4291925465835
10.27584,0.051840000000000004,10.224,693.5,3,10.23981135802469,0.05398419753086425,10.185827160493828,535.4111111111108
10.22771,0.051710000000000006,10.176,444.3,3,10.239737116564417,0.05397024539877306,10.185766871165644,534.8521472392634
10.24078,0.03678,10.204,633.3000000000001,3,10.239743475609755,0.05386542682926835,10.185878048780488,535.45243902439
10.23634,0.04834,10.188,809.7,3,10.239722848484847,0.053831939393939446,10.18589090909091,537.1145454545451
10.595130000000001,0.055130000000000005,10.540000000000001,447.6,3,10.241863855421686,0.05383975903614463,10.188024096385542,536.575301204819
10.282319999999999,0.03432,10.248,629.2,3,10.24210610778443,0.053722874251497056,10.188383233532935,537.1299401197602
10.200270000000002,0.04827000000000001,10.152000000000001,684.9000000000001,3,10.241857083333333,0.05369041666666672,10.188166666666667,538.0095238095234
10.42674,0.05874000000000001,10.368,454.6,3,10.242951065088757,0.053720295857988216,10.18923076923077,537.5159763313607
10.32818,0.06418,10.264,624.5,3,10.243452411764705,0.05378182352941182,10.189670588235293,538.0276470588233
10.16073,0.044730000000000006,10.116,604.5,3,10.24296865497076,0.053728888888888944,10.18923976608187,538.4163742690056
9.96932,0.061320000000000006,9.908,477.20000000000005,3,10.241377674418604,0.053773023255814005,10.18760465116279,538.0604651162788
10.364780000000001,0.08078,10.284,526.9,3,10.24209098265896,0.05392913294797694,10.188161849710982,537.9959537572252
10.12344,0.05544,10.068,535.4,3,10.241409080459771,0.05393781609195408,10.187471264367815,537.9810344827582
9.92162,0.02562,9.896,506.20000000000005,3,10.239581714285716,0.05377600000000006,10.185805714285713,537.7994285714282
10.3179,0.0459,10.272,694.7,3,10.240026704545455,0.05373125000000006,10.186295454545453,538.6909090909087
10.134490000000001,0.05849000000000001,10.076,457.3,3,10.239430451977402,0.0537581355932204,10.18567231638418,538.2310734463273
10.10419,0.06819,10.036,611.7,3,10.238670674157303,0.053839213483146124,10.184831460674156,538.6438202247188
10.30824,0.04424,10.264,598.8000000000001,3,10.23905932960894,0.05378558659217883,10.185273743016758,538.9798882681561
10.153820000000001,0.06182000000000001,10.092,474.3,3,10.238585777777779,0.053830222222222286,10.184755555555554,538.6205555555553
10.20528,0.08128,10.124,556.3000000000001,3,10.238401767955802,0.053981878453038735,10.184419889502761,538.7182320441985
10.276650000000002,0.04465,10.232000000000001,540.8000000000001,3,10.238611923076924,0.05393060439560446,10.184681318681317,538.7296703296701
10.282530000000001,0.06253,10.22,505.1,3,10.238851912568306,0.05397759562841537,10.18487431693989,538.545901639344
10.26425,0.06825,10.196,328.6,3,10.238989945652174,0.054055163043478335,10.184934782608694,537.4048913043476
10.200930000000001,0.04893,10.152000000000001,849.4000000000001,3,10.238784216216215,0.05402745945945953,10.184756756756755,539.0913513513511
10.12234,0.054340000000000006,10.068,444.0,3,10.23815817204301,0.05402913978494631,10.184129032258063,538.5801075268814
9.87955,0.01955,9.86,653.1,3,10.236240481283422,0.05384475935828885,10.182395721925133,539.1925133689837
10.31832,0.04632000000000001,10.272,717.1,3,10.236677074468085,0.053804734042553266,10.18287234042553,540.1388297872338
10.14194,0.057940000000000005,10.084,503.70000000000005,3,10.23617582010582,0.053826613756613836,10.182349206349205,539.9460317460315
10.087420000000002,0.06342,10.024000000000001,533.1,3,10.235392894736842,0.053877105263157976,10.181515789473684,539.9099999999999
10.30832,0.044320000000000005,10.264,607.6,3,10.235774712041886,0.05382706806282731,10.181947643979056,540.264397905759
10.15759,0.061590000000000006,10.096,464.8,3,10.2353675,0.05386750000000009,10.181499999999998,539.8713541666665
10.19849,0.08249000000000001,10.116,570.9,3,10.235176424870467,0.05401580310880837,10.181160621761656,540.0321243523315
10.290460000000001,0.05446,10.236,481.8,3,10.235461391752578,0.054018092783505244,10.181443298969072,539.7319587628864
10.26216,0.05016,10.212,451.70000000000005,3,10.235598307692308,0.05399830769230778,10.1816,539.2805128205126
10.15618,0.036180000000000004,10.120000000000001,602.0,3,10.235193112244898,0.05390739795918376,10.181285714285712,539.6005102040815
10.3295,0.0495,10.28,873.2,3,10.235671827411169,0.053885025380710744,10.181786802030455,541.2939086294415
10.129620000000001,0.05362,10.076,442.90000000000003,3,10.235136212121212,0.053883686868686956,10.181252525252523,540.7969696969695
10.15271,0.06471,10.088000000000001,491.6,3,10.234722010050252,0.053938090452261396,10.180783919597989,540.5497487437184
10.23403,0.07403000000000001,10.16,604.7,3,10.234718550000002,0.05403855000000009,10.180679999999999,540.8704999999998
10.25713,0.04513,10.212,638.2,3,10.234830049751245,0.053994228855721485,10.18083582089552,541.354726368159
10.380469999999999,0.05247,10.328,447.0,3,10.235551039603962,0.05398668316831692,10.181564356435644,540.887623762376
10.24772,0.01972,10.228,622.2,3,10.235610985221676,0.0538178817733991,10.181793103448276,541.2881773399013
10.22312,0.04712,10.176,772.3000000000001,3,10.235549754901962,0.05378504901960793,10.181764705882353,542.420588235294
10.14385,0.055850000000000004,10.088000000000001,445.20000000000005,3,10.235102439024391,0.05379512195121959,10.181307317073172,541.9463414634145
9.9773,0.0373,9.94,637.4000000000001,3,10.233850970873789,0.0537150485436894,10.180135922330098,542.4097087378639
10.3176,0.0456,10.272,671.2,3,10.234255555555556,0.0536758454106281,10.180579710144928,543.0318840579707
10.15522,0.05922,10.096,461.90000000000003,3,10.23387557692308,0.053702500000000084,10.180173076923078,542.6418269230767
10.1426,0.0786,10.064,594.5,3,10.233438851674643,0.053821626794258455,10.179617224880383,542.8899521531098
10.30019,0.04419000000000001,10.256,582.7,3,10.233756714285716,0.053775761904761986,10.179980952380951,543.0795238095235
10.13178,0.06378,10.068,481.70000000000005,3,10.233273412322278,0.053823175355450316,10.179450236966824,542.7886255924168
10.21502,0.07902,10.136000000000001,584.8000000000001,3,10.233187311320759,0.053942028301886866,10.179245283018869,542.98679245283
10.28072,0.04472,10.236,532.4,3,10.233410469483571,0.053898732394366274,10.179511737089202,542.9370892018776
10.29484,0.06284000000000001,10.232000000000001,509.90000000000003,3,10.23369752336449,0.05394051401869166,10.179757009345794,542.7827102803735
10.27084,0.06684000000000001,10.204,611.7,3,10.233870279069771,0.054000511627907054,10.179869767441861,543.1032558139532
10.252460000000001,0.04846,10.204,828.8000000000001,3,10.233956342592599,0.05397486111111119,10.179981481481482,544.4259259259256
10.50648,0.05448000000000001,10.452,442.90000000000003,3,10.235212211981572,0.05397718894009224,10.181235023041477,543.9580645161286
10.27092,0.026920000000000003,10.244,636.2,3,10.235376009174317,0.05385307339449549,10.18152293577982,544.3811926605501
10.3262,0.046200000000000005,10.28,704.7,3,10.235790730593612,0.05381812785388136,10.18197260273973,545.113242009132
10.150170000000001,0.058170000000000006,10.092,456.1,3,10.23540154545455,0.05383790909090917,10.18156363636364,544.7086363636361
10.10275,0.06675,10.036,609.7,3,10.234801312217199,0.05389633484162905,10.18090497737557,545.0027149321263
10.31244,0.04444,10.268,606.4,3,10.235151036036042,0.053853738738738825,10.181297297297302,545.2792792792789
10.103330000000001,0.047330000000000004,10.056000000000001,465.8,3,10.234559910313907,0.05382448430493282,10.180735426008972,544.9228699551566
10.62499,0.06099,10.564,449.40000000000003,3,10.236302901785718,0.053856473214285806,10.182446428571433,544.4964285714282
10.29212,0.04012,10.252,660.1,3,10.236550977777782,0.05379542222222231,10.18275555555556,545.0102222222218
10.17714,0.045140000000000007,10.132,642.9000000000001,3,10.236288097345136,0.053757123893805395,10.182530973451332,545.443362831858
10.164330000000001,0.06033,10.104000000000001,467.8,3,10.235971101321589,0.05378607929515428,10.182185022026434,545.1013215859027
10.18674,0.08674000000000001,10.1,577.3000000000001,3,10.2357551754386,0.05393061403508781,10.181824561403511,545.2425438596488
10.29612,0.044120000000000006,10.252,558.4,3,10.23601877729258,0.05388777292576428,10.182131004366815,545.2999999999996
10.203230000000001,0.06323000000000001,10.14,491.5,3,10.235876217391308,0.05392839130434792,10.181947826086958,545.0660869565213
10.24505,0.07305,10.172,460.20000000000005,3,10.235915930735935,0.054011168831168924,10.181904761904764,544.6987012987009
10.25732,0.045320000000000006,10.212,508.1,3,10.236008189655177,0.053973706896551815,10.182034482758622,544.5409482758616
10.437429999999999,0.061430000000000005,10.376,529.2,3,10.23687266094421,0.05400570815450653,10.182866952789702,544.4751072961369
10.29737,0.06137000000000001,10.236,174.70000000000002,3,10.237131196581199,0.05403717948717958,10.18309401709402,542.8948717948714
10.21074,0.046740000000000004,10.164,748.8000000000001,3,10.237018893617025,0.054006127659574556,10.18301276595745,543.7710638297868
10.609539999999999,0.05754000000000001,10.552,449.5,3,10.238597372881358,0.05402110169491534,10.184576271186444,543.3716101694912
10.2994,0.039400000000000004,10.26,660.6,3,10.238853924050636,0.053959409282700516,10.184894514767937,543.866244725738
10.31723,0.045230000000000006,10.272,644.5,3,10.23918323529412,0.053922731092437066,10.185260504201684,544.2890756302518
10.1523,0.060300000000000006,10.092,467.70000000000005,3,10.238819707112974,0.05394941422594151,10.184870292887034,543.9686192468615
10.17927,0.08727,10.092,580.6,3,10.238571583333338,0.05408825000000009,10.184483333333338,544.1212499999997
10.29612,0.044120000000000006,10.252,562.3000000000001,3,10.238810373443988,0.05404688796680507,10.184763485477184,544.196680497925
10.20307,0.06307,10.14,488.5,3,10.238662685950418,0.05408417355371909,10.184578512396698,543.9665289256194
10.23461,0.07461000000000001,10.16,483.90000000000003,3,10.238646008230457,0.054168641975308726,10.184477366255148,543.7193415637856
10.265030000000001,0.04503,10.22,699.1,3,10.238754139344266,0.05413118852459025,10.184622950819675,544.3561475409832
10.367970000000001,0.05197,10.316,447.1,3,10.239281551020412,0.054122367346938864,10.185159183673472,543.959183673469
9.890460000000001,0.02246,9.868,616.1,3,10.237863577235776,0.05399365853658546,10.18386991869919,544.2524390243899
10.32763,0.047630000000000006,10.28,796.1,3,10.238227004048586,0.053967894736842194,10.184259109311743,545.2720647773276
10.12366,0.05566,10.068,444.90000000000003,3,10.237765040322584,0.053974717741935574,10.183790322580649,544.8673387096771
9.93041,0.026410000000000003,9.904,656.9000000000001,3,10.236530682730926,0.053864016064257114,10.18266666666667,545.3172690763049
10.34525,0.06925,10.276,455.20000000000005,3,10.236965560000002,0.05392556000000009,10.183040000000002,544.9567999999997
10.25374,0.04574,10.208,497.0,3,10.23703239043825,0.05389294820717141,10.183139442231079,544.7657370517925
10.49315,0.06115,10.432,537.2,3,10.238048730158733,0.05392174603174612,10.184126984126987,544.735714285714
9.87382,0.021820000000000003,9.852,627.1,3,10.236609090909091,0.05379486166007914,10.182814229249013,545.0612648221341
10.3494,0.0734,10.276,444.3,3,10.2370531496063,0.05387204724409458,10.183181102362205,544.6645669291336
10.27275,0.044750000000000005,10.228,509.6,3,10.237193137254904,0.05383627450980401,10.1833568627451,544.5270588235292
10.33553,0.06353,10.272,519.1,3,10.237577265625001,0.05387414062500009,10.183703125000001,544.4277343749998
10.27291,0.06491000000000001,10.208,273.0,3,10.237714747081714,0.05391708171206234,10.183797665369651,543.3715953307391
10.23844,0.04644,10.192,482.8,3,10.237717558139536,0.05388810077519388,10.183829457364343,543.1368217054261
10.61419,0.058190000000000006,10.556000000000001,551.7,3,10.23917111969112,0.05390471042471051,10.185266409266411,543.169884169884
9.946610000000002,0.03461,9.912,626.3000000000001,3,10.238045884615385,0.05383050000000009,10.184215384615385,543.4896153846151
10.26496,0.06896000000000001,10.196,346.40000000000003,3,10.238149003831419,0.05388846743295028,10.184260536398467,542.7344827586204
10.245360000000002,0.045360000000000004,10.200000000000001,493.6,3,10.238176526717558,0.05385591603053444,10.184320610687022,542.5469465648853
10.34581,0.053810000000000004,10.292,442.90000000000003,3,10.23858577946768,0.05385574144486701,10.184730038022813,542.1680608365016
9.90736,0.023360000000000002,9.884,647.6,3,10.237331136363636,0.05374022727272736,10.183590909090908,542.567424242424
10.31897,0.046970000000000005,10.272,750.0,3,10.237639207547168,0.05371467924528311,10.183924528301885,543.350188679245
10.14063,0.05663000000000001,10.084,451.0,3,10.237274511278194,0.05372563909774445,10.183548872180449,543.0030075187967
10.01582,0.04782,9.968,626.2,3,10.236445093632959,0.05370352059925103,10.182741573033706,543.3146067415728
10.33268,0.06468,10.268,248.70000000000002,3,10.236804179104476,0.053744477611940386,10.183059701492535,542.2152985074625
10.250020000000001,0.046020000000000005,10.204,478.8,3,10.236853308550184,0.053715762081784475,10.1831375464684,541.9795539033455
10.54495,0.060950000000000004,10.484,548.9,3,10.237994407407406,0.05374255555555564,10.184251851851851,542.0051851851849
10.30227,0.05827,10.244,282.5,3,10.238231586715866,0.05375926199262002,10.184472324723247,541.0476014760145
10.20819,0.048190000000000004,10.16,707.6,3,10.238121139705882,0.05373878676470597,10.184382352941174,541.6599264705881
10.43391,0.05791,10.376,455.5,3,10.238838315018315,0.05375406593406602,10.185084249084248,541.3443223443221
10.0823,0.06230000000000001,10.02,614.0,3,10.23826700729927,0.05378525547445264,10.184481751824817,541.6094890510947
10.30847,0.04447,10.264,618.8000000000001,3,10.23852229090909,0.053751381818181905,10.18477090909091,541.8901818181815
10.114049999999999,0.06205000000000001,10.052,468.70000000000005,3,10.238071304347827,0.05378144927536241,10.184289855072464,541.6249999999998
10.15895,0.06295,10.096,566.5,3,10.237785667870035,0.05381454873646218,10.183971119133574,541.7148014440431
10.308440000000001,0.056440000000000004,10.252,315.20000000000005,3,10.238039820143884,0.053823992805755484,10.184215827338129,540.8999999999999
10.19698,0.04898,10.148,457.0,3,10.23789265232975,0.05380663082437285,10.184086021505378,540.5992831541217
10.359020000000001,0.05902,10.3,459.8,3,10.238325249999999,0.05382525000000009,10.184500000000002,540.3107142857141
10.11539,0.07139000000000001,10.044,607.8000000000001,3,10.237887758007117,0.05388775800711752,10.184000000000001,540.550889679715
10.3082,0.0442,10.264,596.5,3,10.238137092198581,0.05385340425531924,10.184283687943264,540.7492907801416
10.16178,0.06178000000000001,10.1,473.20000000000005,3,10.237867279151942,0.053881413427561926,10.183985865724383,540.5106007067136
10.56422,0.056220000000000006,10.508000000000001,571.9,3,10.239016408450704,0.05388964788732403,10.18512676056338,540.6211267605631
10.31047,0.054470000000000005,10.256,473.1,3,10.239267122807016,0.053891684210526404,10.185375438596491,540.3842105263155
10.18187,0.049870000000000005,10.132,452.0,3,10.239066433566432,0.05387762237762247,10.18518881118881,540.0751748251746
10.19992,0.05992000000000001,10.14,465.6,3,10.238930034843204,0.053898675958188244,10.185031358885016,539.8156794425086
10.1695,0.0855,10.084,581.5,3,10.238688958333332,0.05400840277777787,10.184680555555554,539.9604166666664
10.28821,0.044210000000000006,10.244,570.4,3,10.238860311418684,0.05397449826989628,10.184885813148789,540.0657439446364
10.14423,0.06423000000000001,10.08,486.70000000000005,3,10.238534,0.0540098620689656,10.184524137931033,539.8817241379309
10.22507,0.07707,10.148,568.0,3,10.238487731958761,0.05408910652920971,10.184398625429553,539.9783505154637
10.27665,0.05265,10.224,522.5,3,10.238618424657533,0.05408417808219187,10.184534246575343,539.9184931506848
10.175130000000001,0.05113,10.124,448.8,3,10.238401740614332,0.05407409556314002,10.184327645051194,539.607508532423
10.03426,0.030260000000000002,10.004,612.1,3,10.23770738095238,0.053993095238095326,10.183714285714284,539.8540816326529
10.332460000000001,0.04846,10.284,556.9,3,10.238028576271185,0.053974338983050936,10.184054237288136,539.9118644067795
10.3002,0.0442,10.256,548.5,3,10.238238614864864,0.05394131756756766,10.184297297297297,539.9408783783782
10.19337,0.049370000000000004,10.144,449.6,3,10.238087542087541,0.053925925925926016,10.184161616161614,539.6367003367002
10.13986,0.059860000000000003,10.08,459.8,3,10.237757919463087,0.053945838926174584,10.18381208053691,539.3687919463085
10.13448,0.07448,10.06,612.1,3,10.237412508361205,0.05401451505016732,10.183397993311035,539.612040133779
10.2965,0.044500000000000005,10.252,261.40000000000003,3,10.237609466666667,0.053982800000000095,10.183626666666663,538.6846666666664
